,Linear Regression,Random Forest
MSLE,0.002752161535524699,0.0008261272687317549
Root MSLE,0.0524610477928596,0.02874242976388313
R2 Score,0.6226492447549415,0.8947684397730025
Accuracy Percent,62.2649,89.4768
